rank,cca3,country/territory,capital,continent,2023_population,2022_population,2020_population,2015_population,2010_population,2000_population,1990_population,1980_population,1970_population,area_(km_),density_(kmâ²),growth_rate,world_percentage,growth_2000_to_2023,growth_2010_to_2020,projected_growth_rate,projected_population_2030,density_1970,density_2000,density_2023,development_status
36,AFG,Afghanistan,Kabul,Asia,42239854,41128771,38972230,33753499,28189672,19542982,10694796,12486631,10752971,652230,65,2.70%,0.53%,116.13822291807871,38.25003001099126,0.03407859094128374,53406883.50939828,16.48647103015807,29.963328887049048,64.76220658356715,Developing
138,ALB,Albania,Tirana,Europe,2832439,2842321,2866849,2882481,2913399,3182021,3295066,2941651,2324731,28748,103,-0.35%,0.04%,-10.986162567751753,-1.597790072695158,-0.005047148456138517,2733871.344637952,80.86583414498399,110.68669124808682,98.52647140670655,Developing
34,DZA,Algeria,Algiers,Africa,45606480,44903225,43451666,39543154,35856344,30774621,25518074,18739378,13795915,2381741,19,1.57%,0.57%,48.19509881210235,21.182644834063392,0.017249671525228605,51406668.769991376,5.792365752615419,12.921061106140424,19.148379273816925,Developing
213,ASM,American Samoa,Pago Pago,Oceania,43914,44273,46189,51368,54849,58230,47818,32886,27075,199,220,-0.81%,0.00%,-24.585265327150953,-15.78880198362778,-0.012193205624653647,40300.18693734607,136.05527638190955,292.61306532663315,220.67336683417085,Developing
203,AND,Andorra,Andorra la Vella,Europe,80088,79824,77700,71746,71519,66097,53569,35611,19860,468,170,0.33%,0.00%,21.167375221265715,8.642458647352452,0.008382883407639818,84907.43179529514,42.43589743589744,141.23290598290598,171.12820512820514,Developing
42,AGO,Angola,Luanda,Africa,36684202,35588987,33428485,28127721,23364185,16394062,11828638,8330047,6029700,1246700,29,3.08%,0.46%,123.76517790404844,43.07575890192618,0.03563893562155296,46874609.64238443,4.836528435068581,13.14996550894361,29.42504371540868,Developing
224,AIA,Anguilla,The Valley,North America,15899,15857,15585,14525,13172,11047,8316,6560,6283,91,175,0.26%,0.00%,43.92142663166471,18.3191618584877,0.015956281386404036,17762.126057771395,69.04395604395604,121.3956043956044,174.71428571428572,Developing
201,ATG,Antigua and Barbuda,Saint JohnÕs,North America,94298,93763,92664,89941,85695,75055,63328,64888,64516,442,214,0.57%,0.00%,25.63853174338818,8.132329774199194,0.009972826656827749,101081.18075515234,145.96380090497738,169.80769230769232,213.34389140271495,Developing
33,ARG,Argentina,Buenos Aires,South America,45773884,45510318,45036032,43257065,41100123,37070774,32637657,28024803,23842803,2780400,17,0.58%,0.57%,23.477011836871817,9.576392265298086,0.009211068120829946,48808088.387597166,8.575313983599482,13.332892389584233,16.463057114084304,Developing
140,ARM,Armenia,Yerevan,Asia,2777970,2780469,2805608,2878595,2946293,3168523,3556539,3135123,2534377,29743,98,-0.09%,0.03%,-12.326026984812797,-4.774983343476022,-0.005703027970127339,2668949.578824329,85.20919207880846,106.5300406818411,93.39911912046531,Developing
198,ABW,Aruba,Oranjestad,North America,106277,106445,106585,104257,100341,89101,65712,62267,59106,180,590,-0.16%,0.00%,19.277000258134027,6.222780319111829,0.007693721190428882,112134.47507031668,328.3666666666667,495.00555555555553,590.4277777777778,Developing
55,AUS,Australia,Canberra,Oceania,26439111,26177413,25670051,23820236,22019168,19017963,17048003,14706322,12595034,7692024,3,1.00%,0.33%,39.02178167030822,16.580476610197078,0.014427452214702763,29227643.570663523,1.6374148078581139,2.472426373084639,3.4372111943488477,Developed
99,AUT,Austria,Vienna,Europe,8958960,8939617,8907777,8642421,8362829,8010428,7678729,7547561,7465301,83871,109,0.22%,0.11%,11.84121497627842,6.516311645257843,0.004877506757419825,9269354.098707722,89.00932384256775,95.50891249657212,106.81832814679687,Developing
91,AZE,Azerbaijan,Baku,Asia,10412651,10358074,10284951,9863480,9237202,8190337,7427836,6383060,5425317,86600,126,0.53%,0.13%,27.133364597818137,11.34270962137669,0.010492334886311294,11201920.264069425,62.64800230946882,94.57663972286375,120.23846420323325,Developing
176,BHS,Bahamas,Nassau,North America,412623,409984,406471,392697,373272,325014,270679,223752,179129,13943,41,0.64%,0.01%,26.95545422658716,8.894050451145546,0.010430811852310873,443710.28900605073,12.84723517177078,23.310191493939612,29.59355949221832,Developing
154,BHR,Bahrain,Manama,Asia,1485509,1472233,1477469,1362142,1213645,711442,517418,362595,222555,765,1892,0.90%,0.02%,108.8025446909235,21.738152425132558,0.03252733030195731,1858601.0538804946,290.921568627451,929.9895424836601,1941.8418300653595,Developing
8,BGD,Bangladesh,Dhaka,Asia,172954319,171186372,167420951,157830000,148391139,129193327,107147651,83929765,67541860,147570,1329,1.03%,2.16%,33.87248630883234,12.82408917961065,0.012764147550704763,189012115.22235638,457.69370468252356,875.4714847191163,1172.0154435183304,Developing
186,BRB,Barbados,Bridgetown,North America,281995,281635,280693,278083,274711,264657,258868,253575,241397,430,656,0.13%,0.00%,6.5511208847678315,2.1775611460771502,0.0027627089313051467,287493.8986546937,561.3883720930232,615.4813953488372,655.8023255813954,Developing
96,BLR,Belarus,Minsk,Europe,9498238,9534954,9633740,9700609,9731427,10256483,10428525,9817257,9170786,207600,47,-0.39%,0.12%,-7.3928363163084265,-1.0038301679702268,-0.00333372145373656,9278791.13726144,44.17526974951831,49.40502408477842,45.752591522158,Developing
81,BEL,Belgium,Brussels,Europe,11686140,11655930,11561717,11248303,10877947,10264343,9959560,9828986,9629376,30528,386,0.26%,0.15%,13.85180717363011,6.28583684035232,0.005656261786173733,12156764.947393669,315.42767295597486,336.2271685010482,382.8007075471698,Developing
177,BLZ,Belize,Belmopan,North America,410825,405272,394921,359871,322106,240406,182589,145133,120905,22966,18,1.37%,0.01%,70.88799780371538,22.605912339416218,0.023570814034644894,483595.35611074296,5.264521466515719,10.46790908299225,17.888400243838717,Developing
77,BEN,Benin,Porto-Novo,Africa,13712828,13352864,12643123,10932783,9445710,6998023,5133419,3833939,3023443,112622,122,2.70%,0.17%,95.95288555067624,33.85042521949118,0.029679926321761085,16828397.128651034,26.845935962778142,62.137264477633146,121.75976274617747,Developing
206,BMU,Bermuda,Hamilton,North America,64069,64184,64031,63144,63447,61371,57470,53565,52019,54,1186,-0.18%,0.00%,4.396213195157322,0.9204532917238009,0.0018723252563668247,64913.43740243968,963.3148148148148,1136.5,1186.462962962963,Developing
165,BTN,Bhutan,Thimphu,Asia,787424,782455,772506,743274,705516,587207,558442,415257,298894,38394,21,0.64%,0.01%,34.096494081303526,9.49517799738064,0.012837769095825458,860969.6916067309,7.78491430952753,15.294238683127572,20.5090378705006,Developing
80,BOL,Bolivia,Sucre,South America,12388571,12224110,11936162,11090085,10223270,8592656,7096194,5736088,4585693,1098581,11,1.35%,0.15%,44.17627099234509,16.7548348033457,0.01603443143203065,13847781.212686112,4.174196531707721,7.8215953124985775,11.27688445367251,Developing
137,BIH,Bosnia and Herzegovina,Sarajevo,Europe,3210847,3233526,3318407,3524324,3811088,4179350,4494310,4199820,3815561,51209,63,-0.70%,0.04%,-23.173531769294268,-12.92756819050098,-0.011396345193829815,2963296.399329526,74.50957839442286,81.61358354976664,62.70083383780195,Developing
144,BWA,Botswana,Gaborone,Africa,2675352,2630296,2546402,2305171,2091664,1726985,1341474,938578,592244,582000,5,1.71%,0.03%,54.91460551191817,21.740489868353617,0.019212838132706356,3056575.5095422138,1.0176013745704466,2.967328178694158,4.5968247422680415,Developing
7,BRA,Brazil,Brasilia,South America,216422446,215313498,213196304,205188205,196353492,175873720,150706446,122288383,96369875,8515767,26,0.52%,2.70%,23.055591250358496,8.577801101698766,0.009061067279022339,230528408.23668706,11.316640650219762,20.652716308466402,25.41432216264254,Developing
221,VGB,British Virgin Islands,Road Town,North America,31538,31305,30910,29366,27556,20104,15617,11109,9581,151,210,0.74%,0.00%,56.87425387982491,12.171577877776164,0.019770035437217226,36170.11382660399,63.450331125827816,133.13907284768212,208.86092715231788,Developing
175,BRN,Brunei,Bandar Seri Begawan,Asia,452524,449002,441725,421437,396053,333926,261928,187921,133343,5765,86,0.78%,0.01%,35.51625210375951,11.531789937205374,0.013301663796142504,496378.4373880798,23.129748482220293,57.922983521248916,78.49505637467476,Developing
108,BGR,Bulgaria,Sofia,Europe,6687717,6781953,6979175,7309253,7592273,8097691,8767778,8980606,8582950,110879,62,-1.39%,0.08%,-17.41204992880069,-8.07528917887963,-0.008283173418050405,6309452.297364694,77.40825584646326,73.03178239341986,60.315451979184516,Developing
58,BFA,Burkina Faso,Ouagadougou,Africa,23251485,22673762,21522626,18718019,16116845,11882888,9131361,6932967,5611666,272967,85,2.55%,0.29%,95.67200330424726,33.5411862557467,0.029615710071459134,28521792.671072908,20.55803815113182,43.532324420168,85.18057127784677,Developing
78,BDI,Burundi,Bujumbura,Africa,13238559,12889576,12220227,10727148,9126605,6307659,5483793,4312834,3497834,27834,516,2.71%,0.17%,109.88070217492734,33.89674473695312,0.032758563358176174,16589463.769425496,125.66767263059567,226.61705108859667,475.6254580728605,Developing
73,KHM,Cambodia,Phnom Penh,Asia,16944826,16767842,16396860,15417523,14363532,12118841,8910808,6198959,6708525,181035,96,1.06%,0.21%,39.82216616258931,14.156183868981529,0.014680682701065928,18764753.366024327,37.05650840997597,66.94197807053885,93.59972381031292,Developing
53,CMR,Cameroon,Yaounde,Africa,28647293,27914536,26491087,23012646,19878036,15091594,11430520,8519891,6452787,475442,61,2.63%,0.36%,89.82284442584395,33.26813071472453,0.02825802514289122,34817560.8923757,13.57218546110777,31.742239852600317,60.25402257267974,Developing
39,CAN,Canada,Ottawa,North America,38781291,38454327,37888705,35732126,33963412,30683313,27657204,24511510,21434577,9984670,4,0.85%,0.48%,26.392123953498764,11.557416551670368,0.0102354616772653,41646693.5125823,2.146748665704525,3.0730422738057444,3.8840833998519733,Developed
171,CPV,Cape Verde,Praia,Africa,598682,593149,582640,552166,521212,458251,364563,317234,287262,4033,148,0.93%,0.01%,30.6449958647117,11.785607392001719,0.01169012788495638,649424.6752755515,71.22787007190676,113.62534093726754,148.44582196875774,Developing
205,CYM,Cayman Islands,George Town,North America,69310,68706,67311,60911,54074,39658,26027,17100,10533,264,289,0.88%,0.00%,74.76927732109536,24.47941709509191,0.024570767007612293,82146.60549835458,39.89772727272727,150.21969696969697,262.5378787878788,Developing
117,CAF,Central African Republic,Bangui,Africa,5742315,5579144,5343020,4819333,4660067,3759170,2809221,2415276,2067356,622984,9,2.92%,0.07%,52.75486344059992,14.655433065661933,0.018590882906614592,6532591.549904642,3.3184736686656477,6.034135708140177,9.217435760790003,Developing
69,TCD,Chad,N'Djamena,Africa,18278568,17723315,16644701,14140274,11894727,8259137,5827069,4408230,3667394,1284000,15,3.13%,0.23%,121.31329217568374,39.93344277678672,0.035142943767098034,23277934.988453675,2.856225856697819,6.43234968847352,14.235644859813084,Developing
65,CHL,Chile,Santiago,South America,19629590,19603733,19300315,17870124,17004162,15351799,13342868,11469828,9820481,756102,26,0.13%,0.25%,27.865079525858828,13.503476384193469,0.010744505772073198,21154411.764115922,12.988301842873051,20.303873022422902,25.961563386950438,Developing
1,CHN,China,Beijing,Asia,1425671352,1425887337,1424929781,1393715448,1348191368,1264099069,1153704252,982372466,822534450,9706961,151,-0.02%,17.81%,12.78161553649558,5.691952553726779,0.005243401240270673,1478829274.9729657,84.73655658037568,130.22603768573913,146.87102915114215,Developed
28,COL,Colombia,Bogota,South America,52085168,51874024,50930662,47119728,44816108,39215135,32601393,26176195,20905254,1141748,47,0.41%,0.65%,32.81904550373217,13.643652411762305,0.01241633995383662,56784275.66850215,18.30986697590011,34.34657647747139,45.61879504058689,Developing
163,COM,Comoros,Moroni,Africa,852075,836774,806166,730216,656024,536758,431119,328328,242351,1862,458,1.83%,0.01%,58.74472294777162,22.88666268307257,0.020295700148944995,980754.2934983644,130.156283566058,288.26960257787323,457.6127819548872,Developing
223,COK,Cook Islands,Avarua,Oceania,17044,17011,17029,17695,17212,15897,17123,17651,20470,236,71,0.19%,0.00%,7.2151978360696996,-1.0632117127585405,0.0030336279669482824,17409.246728694718,86.73728813559322,67.36016949152543,72.22033898305085,Developing
124,CRI,Costa Rica,San Jos,North America,5212173,5180829,5123105,4895242,4622252,3979193,3158253,2414303,1855697,51100,102,0.60%,0.07%,30.985679759689965,10.835692212367478,0.01180468905654064,5658425.945271705,36.315009784735814,77.87070450097848,101.99947162426615,Developing
130,HRV,Croatia,Zagreb,Europe,4008617,4030358,4096868,4254815,4368682,4548434,4873707,4680144,4492638,56594,72,-0.54%,0.05%,-11.868194635780139,-6.221876529351415,-0.005477841775130332,3857410.073560561,79.38364490935435,80.3695444746793,70.83113050853447,Developing
85,CUB,Cuba,Havana,North America,11194449,11212191,11300698,11339894,11290417,11105791,10626680,9809107,8869636,109884,108,-0.16%,0.14%,0.7983042360512637,0.09105952419649337,0.0003457704801677064,11221572.092166604,80.7181755305595,101.06831749845291,101.8751501583488,Developing
189,CUW,Curacao,Willemstad,North America,192077,191163,189288,169572,159380,141424,155446,156851,150385,444,433,0.48%,0.00%,35.81641022740129,18.76521520893462,0.0133991425585549,210833.2441624007,338.7049549549549,318.52252252252254,432.60585585585585,Developing
158,CYP,Cyprus,Nicosia,Europe,1260138,1251488,1237537,1187280,1129686,948237,788500,679327,640804,9251,136,0.69%,0.02%,32.89272618554222,9.546989163360438,0.012440752292912638,1374059.164618655,69.26861960869095,102.50102691600908,136.21640903686088,Developing
88,CZE,Czech Republic,Prague,Europe,10495295,10493986,10530953,10523798,10464749,10234710,10301192,10270060,9795744,78865,136,0.01%,0.13%,2.546090705061501,0.6326382027891926,0.0010937358209204273,10575912.69849523,124.20901540607368,129.7750586445191,133.07924935015532,Developing
115,DNK,Denmark,Copenhagen,Europe,5910913,5882261,5825641,5677796,5550849,5340655,5144623,5125392,4922963,43094,148,0.49%,0.07%,10.677679048730916,4.95044992216506,0.004420699056886912,6096269.329122315,114.2377825219288,123.93036153524852,137.16324778391424,Developing
160,DJI,Djibouti,Djibouti,Africa,1136455,1120849,1090156,1006259,919199,742033,577173,324121,144379,23200,49,1.39%,0.01%,53.1542397710075,18.598475411744356,0.018706525218214587,1293885.5409393306,6.223232758620689,31.98418103448276,48.985129310344824,Developing
204,DMA,Dominica,Roseau,North America,73040,72737,71995,70007,68755,68346,69481,72978,68895,751,97,0.42%,0.00%,6.867995200889592,4.7123845538506295,0.002892182885614547,74531.60743509773,91.73768308921439,91.00665778961385,97.25699067909454,Developing
84,DOM,Dominican Republic,Santo Domingo,North America,11332972,11228821,10999664,10405832,9775755,8540791,7129004,5755800,4475871,48671,235,0.93%,0.14%,32.692299811574834,12.519841178507441,0.012374315464098284,12351839.619384171,91.96176367857656,175.48008054077377,232.8485545807565,Developing
15,COD,DR Congo,Kinshasa,Africa,102262808,99010212,92853164,78656904,66391257,48616317,35987541,26708686,20151733,2344858,45,3.29%,1.28%,110.34667846188349,39.85751768489637,0.032858150106200634,128233790.33876535,8.594009957106145,20.733160387537325,43.61151421535973,Developing
67,ECU,Ecuador,Quito,South America,18190484,18001000,17588595,16195902,14989585,12626507,10449837,8135845,6172215,276841,73,1.05%,0.23%,44.065844972010076,17.338772220845343,0.01600058465221288,20328342.049796272,22.295162205020212,45.609237793534916,65.70733381254944,Developing
14,EGY,Egypt,Cairo,Africa,112716598,110990103,107465134,97723799,87252413,71371371,57214630,43748556,34781986,1002450,113,1.56%,1.41%,57.92970825795122,23.165801729747002,0.02006738590010948,129535828.93802963,34.69697840291286,71.19693850067335,112.44111726270637,Developing
112,SLV,El Salvador,San Salvador,North America,6364943,6336392,6292731,6231066,6114034,5958482,5367179,4508992,3619090,21041,307,0.45%,0.08%,6.821552872023445,2.9227348097835244,0.0028732296650029188,6494067.355315205,172.0018059978138,283.1843543557816,302.5019248134594,Developing
152,GNQ,Equatorial Guinea,Malabo,Africa,1714671,1674908,1596049,1346973,1094524,684977,465549,282509,316955,28051,61,2.37%,0.02%,150.32533939095765,45.82128852359564,0.04070177729936608,2267069.7206664057,11.299240668781861,24.418986845388755,61.12691169655271,Developing
132,ERI,Eritrea,Asmara,Africa,3748901,3684032,3555868,3340006,3147727,2392880,2149960,1657982,1272748,117600,31,1.76%,0.05%,56.66899301260406,12.966213397794663,0.01971198562553811,4297804.337437007,10.822687074829933,20.347619047619048,31.878409863945578,Developing
156,EST,Estonia,Tallinn,Europe,1322765,1326062,1329444,1314657,1331535,1396877,1570674,1476983,1361999,45227,31,-0.25%,0.02%,-5.305549450667453,-0.15703680338857035,-0.0023674014413932465,1300999.4614524713,30.114732350144823,30.88590885975192,29.2472416919097,Developing
159,SWZ,Eswatini,Mbabane,Africa,1210822,1201670,1180655,1133936,1099920,1030496,854011,598564,442865,17364,70,0.76%,0.02%,17.498951960997424,7.340079278492981,0.00703590728898118,1271730.235360252,25.504780004607234,59.3466943100668,69.73174383782539,Developing
12,ETH,Ethiopia,Addis Ababa,Africa,126527060,123379924,117190911,102471895,89237791,67031867,47878073,34945469,28308246,1104300,112,2.55%,1.58%,88.75658050819322,31.324307433831482,0.028006222699248573,153515991.36937556,25.63456126052703,60.700776057230826,114.57670922756498,Developing
231,FLK,Falkland Islands,Stanley,South America,3791,3780,3747,3408,3187,3080,2332,2240,2274,12173,0,0.29%,0.00%,23.084415584415584,17.571383746470033,0.009071342682805517,4038.377300192709,0.18680686765793147,0.25301897642323173,0.311426928448205,Developing
209,FRO,Faroe Islands,Trshavn,Europe,53270,53090,52415,48816,48410,45660,47479,43054,38416,1393,39,0.34%,0.00%,16.666666666666664,8.273084073538525,0.006724713497258117,55828.73746917811,27.57788944723618,32.77817659727207,38.24120603015076,Developing
162,FJI,Fiji,Suva,Oceania,936375,929766,920422,917200,905169,832509,780430,644582,527634,18272,51,0.71%,0.01%,12.4762615178935,1.6850996885664444,0.005124913964757116,970487.7899118302,28.876641856392293,45.562007443082315,51.24644264448336,Developing
118,FIN,Finland,Helsinki,Europe,5545475,5540745,5529468,5479461,5363271,5176209,4986545,4779418,4606621,338424,18,0.09%,0.07%,7.133908232839903,3.098799221594434,0.0030005511400679197,5663005.108366639,13.611980828782828,15.29504113183462,16.38617533035482,Developing
23,FRA,France,Paris,Europe,64756584,64626628,64480053,63809769,62444567,58665453,56412897,53713830,50523586,551695,118,0.20%,0.81%,10.382824453771796,3.2596686914331556,0.004304208792461406,66733040.09826998,91.57883613228324,106.3367494720815,117.37750749961482,Developing
184,GUF,French Guiana,Cayenne,South America,312155,304557,290969,257026,228453,164351,113931,66825,46484,83534,4,2.49%,0.00%,89.93191401330081,27.364928453555,0.028283706037500522,379455.6070316567,0.55646802499581,1.9674743218330262,3.736861637177676,Developing
183,PYF,French Polynesia,Papeete,Oceania,308872,306279,301920,291787,283788,250927,211089,163591,117891,4167,89,0.85%,0.00%,23.092373479139354,6.389276502177682,0.009074179136705052,329033.5576943406,28.29157667386609,60.21766258699304,74.12335013198944,Developing
146,GAB,Gabon,Libreville,Africa,2436566,2388992,2292573,2028517,1711105,1272935,983028,749078,597192,267668,9,1.99%,0.03%,91.41323005495174,33.9820174682442,0.028631098309942926,2968901.098016032,2.231092248606483,4.755648788798063,9.102940956707563,Developing
142,GMB,Gambia,Banjul,Africa,2773168,2705992,2573995,2253133,1937275,1437539,1040616,718586,528731,10689,274,2.48%,0.03%,92.91080102870252,32.866784529816364,0.02897969837267067,3387067.2849824075,49.464963981663395,134.48769763308073,259.44129478903545,Developing
131,GEO,Georgia,Tbilisi,Asia,3728282,3744385,3765912,3771132,3836831,4265172,5391636,5145843,4800426,69700,54,-0.43%,0.05%,-12.587769027837565,-1.8483743485183477,-0.005832272429263208,3578708.9679369763,68.87268292682927,61.19328550932568,53.49041606886657,Developing
19,DEU,Germany,Berlin,Europe,83294633,83369843,83328988,82073226,81325090,81551677,79370196,77786703,78294583,357114,238,-0.09%,1.04%,2.1372411507858997,2.4640587548074033,0.0009198673577712757,83832455.45429091,219.2425471978136,228.36314734230527,233.24381850053484,Developed
47,GHA,Ghana,Accra,Africa,34121985,33475870,32180401,28870939,25574719,19665502,15446982,11865246,8861895,238533,150,1.93%,0.43%,73.51189407725263,25.828952411950258,0.0242491673998535,40352795.348553166,37.15165197268303,82.44352772991577,143.04932650828187,Developing
219,GIB,Gibraltar,Gibraltar,Europe,32688,32649,32709,32520,31262,27741,27317,28734,26685,6,4807,0.12%,0.00%,17.83281064128907,4.6286226089181755,0.007160145823548403,34361.97152242645,4447.5,4623.5,5448.0,Developing
90,GRC,Greece,Athens,Europe,10341277,10384971,10512232,10806641,11033783,11038109,10302255,9307148,8544873,131990,80,-0.42%,0.13%,-6.312965382023315,-4.726855694008121,-0.002831218325868412,10138060.683551403,64.73879081748618,83.6283733616183,78.34894310175014,Developing
208,GRL,Greenland,Nuuk,North America,56643,56466,56026,55895,56351,56184,55599,50106,45434,2166086,0,0.31%,0.00%,0.8169585647159333,-0.576742205107274,0.0003538188933955855,56783.438544168785,0.020975159804366032,0.025938028314665254,0.026149931258500354,Developing
193,GRD,Grenada,Saint George's,North America,126183,125438,123663,118980,114039,107432,99047,94838,98794,344,371,0.59%,0.00%,17.453831260704444,8.439218162207666,0.007019090668136663,132514.91893883358,287.1918604651163,312.30232558139534,366.8110465116279,Developing
178,GLP,Guadeloupe,Basse-Terre,North America,395839,395752,395642,399089,403072,424067,391951,334234,318310,1628,243,0.02%,0.00%,-6.656495317956833,-1.8433431248015244,-0.00299047172177358,387626.7523359687,195.52211302211302,260.48341523341526,243.1443488943489,Developing
191,GUM,Guam,Hagta,Oceania,172952,171774,169231,167978,164905,160188,138263,110286,88300,549,320,0.69%,0.00%,7.968137438509751,2.6233285831236164,0.003338864845606526,177034.95905212307,160.83788706739526,291.78142076502735,315.0309653916211,Developing
68,GTM,Guatemala,Guatemala City,North America,18092026,17843908,17362718,16001107,14543121,11735894,9084780,6987767,5453208,108889,169,1.39%,0.23%,54.15975979333146,19.387839790372368,0.018996408360005823,20639338.60267285,50.080430530172926,107.77850838927715,166.15108964174527,Developing
207,GGY,Guernsey,Saint Peter Port,Europe,63544,63301,62794,61629,60782,59114,57727,52860,52656,78,1009,0.38%,0.00%,7.493994654396589,3.310190516929354,0.0031468887580188287,64957.04550098435,675.0769230769231,757.8717948717949,814.6666666666666,Developing
75,GIN,Guinea,Conakry,Africa,14190612,13859341,13205153,11625998,10270728,8336967,6354145,4972609,4222374,245857,58,2.39%,0.18%,70.21312426929362,28.570759541095818,0.02339472897407857,16684121.976695118,17.174105272577147,33.90982156294106,57.71896671642459,Developing
149,GNB,Guinea-Bissau,Bissau,Africa,2150842,2105566,2015828,1788919,1567220,1230849,973551,831462,591663,36125,76,2.15%,0.03%,74.74458686646372,28.624443281734536,0.024564473286911914,2549080.53760368,16.378214532871972,34.071944636678204,59.538878892733564,Developing
164,GUY,Guyana,Georgetown,South America,813834,808726,797202,755031,747932,759051,747116,778176,705261,214969,4,0.63%,0.01%,7.217301604240031,6.587497259109116,0.0030344836739994996,831279.1312345882,3.2807567602770633,3.530978885327652,3.7858202810637813,Developing
82,HTI,Haiti,Port-au-Prince,North America,11724763,11584996,11306801,10563757,9842880,8360225,6925331,5646676,4680812,27750,425,1.21%,0.15%,40.24458671865889,14.872892893136969,0.014813772218232879,12995965.21225499,168.6779099099099,301.2693693693694,422.513981981982,Developing
89,HND,Honduras,Tegucigalpa,North America,10593798,10432860,10121763,9294505,8450933,6656725,5053234,3777990,2782753,112492,95,1.54%,0.13%,59.144293928320614,19.77095310068131,0.020407224728693718,12202992.98636098,24.737341322049566,59.175096895779255,94.17379013618746,Developing
104,HKG,Hong Kong,Hong Kong,Asia,7491609,7488865,7500958,7399838,7132438,6731195,5838574,4978544,3955072,1104,7135,0.04%,0.09%,11.296864821179597,5.166816732230971,0.0046643619570596595,7739663.544264339,3582.4927536231885,6097.096920289855,6785.877717391304,Developing
94,HUN,Hungary,Budapest,Europe,10156239,9967308,9750573,9844246,9986825,10202055,10375989,10698679,10315366,93028,111,1.90%,0.13%,-0.4490859929690636,-2.365636726387015,-0.0001956753806178213,10142335.882099414,110.88452938900116,109.66649825858882,109.17400137592983,Developing
179,ISL,Iceland,Reykjavk,Europe,375318,372899,366669,331060,318333,281462,255019,228263,204468,103000,4,0.65%,0.00%,33.345886833746654,15.184099669214312,0.012590612208598362,409672.3661769612,1.985126213592233,2.732640776699029,3.6438640776699027,Developing
2,IND,India,New Delhi,Asia,1428627663,1417173173,1396387127,1322866505,1240613620,1059633675,870452165,696828385,557501301,3287590,481,0.81%,17.85%,34.82278797906267,12.556166117215447,0.01307566367943136,1564632095.0598557,169.57750236495426,322.31320663464726,434.55165120954865,Developing
4,IDN,Indonesia,Jakarta,Asia,277534122,275501339,271857970,259091970,244016173,214072421,182159874,148177096,115228394,1904569,148,0.74%,3.47%,29.64496813907663,11.40981626656361,0.011352192333878408,300353936.02440816,60.50103409222769,112.39940427466792,145.72017186040517,Developing
17,IRN,Iran,Tehran,Asia,89172767,88550570,87290193,81790841,75373855,65544383,55793629,38520664,28449705,1648195,55,0.70%,1.11%,36.04944149066137,15.809643808187865,0.013474679346381135,97931535.07330196,17.26112808253878,39.76737157921241,54.10328692903449,Developing
35,IRQ,Iraq,Baghdad,Asia,45504560,44496122,42556984,37757813,31264875,24628858,17658381,13653369,9811347,438317,105,2.27%,0.57%,84.76114483261871,36.11755684294276,0.027050426228427904,54852609.04525754,22.384135226331626,56.18960250229856,103.8165528601446,Developing
125,IRL,Ireland,Dublin,Europe,5056935,5023109,4946119,4665760,4524585,3768950,3485374,3391387,2937637,70273,73,0.67%,0.06%,34.17357619496146,9.316522951828732,0.012863075408919844,5530221.724386492,41.803210336829224,53.63297425753846,71.96127958106243,Developing
202,IMN,Isle of Man,Douglas,Europe,84710,84519,84046,83593,83828,75562,68865,64022,55298,572,149,0.23%,0.00%,12.106614435827533,0.26005630576895544,0.0049810665190963554,87708.12783458021,96.67482517482517,132.1013986013986,148.0944055944056,Developing
98,ISR,Israel,Jerusalem,Asia,9174520,9038309,8757489,8007778,7328445,6116958,4803254,3744608,2907307,20770,424,1.51%,0.11%,49.985008888404984,19.499962133849678,0.017780801525879575,10379182.136974,139.97626384207993,294.50929224843526,441.7197881559942,Developing
25,ITA,Italy,Rome,Europe,58870762,59037474,59500579,60232906,59822450,56966397,56756561,56329482,53324036,301336,199,-0.28%,0.74%,3.3429619921372242,-0.5380438280277722,0.0014307181129147306,59462890.92255525,176.9587304537128,189.04610468048955,195.36584410757428,Developing
52,CIV,Ivory Coast,Yamoussoukro,Africa,28873034,28160542,26811790,23596741,21120042,16799670,11910540,8303809,5477086,322463,91,2.53%,0.36%,71.8666735715642,26.949510801162234,0.023824987730098668,34046501.83104724,16.985161088248883,52.097977132260134,89.53906029528969,Developing
139,JAM,Jamaica,Kingston,North America,2825544,2827377,2820436,2794445,2733896,2612205,2392030,2135546,1859091,10991,261,-0.06%,0.04%,8.167008332041322,3.165445942347478,0.0034191459102697053,2893868.2729433463,169.1466654535529,237.66763715767445,257.07797288690745,Developing
11,JPN,Japan,Tokyo,Asia,123294513,123951692,125244761,127250933,128105431,126803861,123686321,117624196,105416839,377930,338,-0.53%,1.54%,-2.7675403353845827,-2.2330591120684025,-0.001219498550153686,122245853.39963654,278.932180562538,335.522083454608,326.236374460879,Developed
195,JEY,Jersey,Saint Helier,Europe,111802,110778,108319,100561,96151,86192,82874,75124,68347,116,932,0.92%,0.00%,29.712734360497496,12.655094590799887,0.011375170938023427,121013.99145578951,589.198275862069,743.0344827586207,963.8103448275862,Developing
83,JOR,Jordan,Amman,Asia,11337052,11285869,10928721,9494246,6931258,5056174,3480587,2216903,1557374,89342,128,0.45%,0.14%,124.22195122240652,57.6729794216288,0.035730761506702624,14495335.256230023,17.431599919410804,56.593472275077794,126.89498779969108,Developing
66,KAZ,Kazakhstan,Nursultan,Asia,19606633,19397998,18979243,17835909,16627837,15236253,16866563,14172710,12265305,2724900,7,1.08%,0.24%,28.684086566428114,14.141382309677441,0.011025128171543885,21170770.680277772,4.501194539249147,5.591490696906308,7.195358728760689,Developing
27,KEN,Kenya,Nairobi,Africa,55100586,54027487,51985780,46851488,41517895,30851606,23162269,16187124,11473087,580367,97,1.99%,0.69%,78.5987607906052,25.21294733271039,0.025536770531126463,65737755.784745544,19.768675682800712,53.15878745690227,94.94093564933912,Developing
192,KIR,Kiribati,Tarawa,Oceania,133515,131232,126463,116707,107995,88826,75124,60813,57437,811,165,1.74%,0.00%,50.31071983428276,17.100791703319597,0.017876799101179452,151145.96858514322,70.82244143033292,109.5265104808878,164.6300863131936,Developing
129,KWT,Kuwait,Kuwait City,Asia,4310108,4268873,4360444,3908743,2943356,1934901,1674938,1493870,802786,17818,242,0.97%,0.05%,122.75599630161958,48.145314396219824,0.03543542088599194,5499830.123413638,45.054776069143564,108.59249073970143,241.89628465596587,Developing
110,KGZ,Kyrgyzstan,Bishkek,Asia,6735347,6630623,6424874,5914980,5483774,4935182,4394734,3691209,3016384,199951,35,1.58%,0.08%,36.47616237861136,17.161538750502846,0.013612680137194966,7403962.649568105,15.085615975914099,24.681957079484473,33.684987822016396,Developing
103,LAO,Laos,Vientiane,Asia,7633779,7529475,7319399,6787419,6323418,5430853,4314443,3297519,2675283,236800,33,1.39%,0.10%,40.56316751714694,15.750674714213103,0.01491389216757133,8467280.812306445,11.297647804054055,22.93434543918919,32.23724239864865,Developing
151,LVA,Latvia,Riga,Europe,1830211,1850651,1897052,1991955,2101530,2392530,2689391,2572037,2397414,64559,29,-1.10%,0.02%,-23.503111768713453,-9.729958649174648,-0.011581117543847053,1686896.3375094703,37.13524063259964,37.05958890317384,28.349432302235165,Developing
119,LBN,Lebanon,Beirut,Asia,5353930,5489739,5662923,6398940,4995800,4320642,3593700,2963702,2381791,10452,523,-2.47%,0.07%,23.91514964674231,13.353677088754553,0.009366500987944226,5714982.424493081,227.87897053195562,413.37944890929964,512.2397627248373,Developing
147,LSO,Lesotho,Maseru,Africa,2330318,2305825,2254100,2118521,2022747,1998630,1798997,1407672,1023481,30355,77,1.06%,0.03%,16.59576810114929,11.437564856109043,0.0066981062584443585,2441799.2234926405,33.71704826223028,65.8418711909076,76.76883544720803,Developing
121,LBR,Liberia,Monrovia,Africa,5418377,5302681,5087584,4612329,4019956,2895224,2209731,1932169,1463563,111369,56,2.18%,0.07%,87.14880092179396,26.558201134539782,0.02762395486232405,6557053.931329105,13.141565426644757,25.996677711032692,48.652470615700956,Developing
107,LBY,Libya,Tripoli,Africa,6888388,6812341,6653942,6192235,6491988,5154790,4236983,2962720,1909177,1759540,4,1.12%,0.09%,33.63081716228983,2.494674974753496,0.012684589232025756,7523795.952577807,1.0850432499403253,2.929623651636223,3.9148800254612,Developing
216,LIE,Liechtenstein,Vaduz,Europe,39584,39327,38756,37355,35926,33026,28765,25003,21089,160,247,0.65%,0.00%,19.85708229879489,7.877303345766297,0.007906302613819527,41827.393727685565,131.80625,206.4125,247.4,Developing
141,LTU,Lithuania,Vilnius,Europe,2718352,2750055,2820267,2963765,3139019,3599637,3785847,3521206,3210147,65300,43,-1.15%,0.03%,-24.482607551817033,-10.154510055530087,-0.01213478082462971,2495683.7897504154,49.15998468606432,55.124609494640126,41.628667687595716,Developing
168,LUX,Luxembourg,Luxembourg,Europe,654768,647599,630399,569408,507070,435628,381267,363741,339342,2586,254,1.11%,0.01%,50.30438814768564,24.321888496657266,0.01787493484502911,741222.1455844622,131.22273781902553,168.45630317092034,253.1972157772622,Developing
167,MAC,Macau,Concelho de Macau,Asia,704149,695168,676283,615239,557297,431896,350227,245332,247284,30,21403,1.29%,0.01%,63.03670328041936,21.350554551702235,0.021479838970398957,817096.1464270409,8242.8,14396.533333333333,23471.633333333335,Developing
50,MDG,Madagascar,Antananarivo,Africa,30325732,29611714,28225177,24850912,21731053,16216431,11882762,8948162,6639751,587041,52,2.41%,0.38%,87.00620376949773,29.88407418637284,0.02758989926534161,36690200.03492994,11.310540490357573,27.62401774322407,51.65862691021581,Developing
62,MWI,Malawi,Lilongwe,Africa,20931751,20405317,19377061,16938942,14718422,11229387,9539665,6267369,4625141,118484,222,2.58%,0.26%,86.40154622865879,31.651755874372945,0.027445216121787963,25299752.954551782,39.03599642145775,94.77555619324129,176.66310219101314,Developing
45,MYS,Malaysia,Kuala Lumpur,Asia,34308525,33938221,33199993,31068833,28717731,22945150,17517054,13215707,10306508,330803,104,1.09%,0.43%,49.52408243136349,15.60799493525446,0.01764461023819508,38777071.25079059,31.156029419322074,69.36197676562789,103.71285931506063,Developing
174,MDV,Maldives,Mal,Asia,521021,523787,514438,435582,361575,282507,224957,164887,123243,300,1737,-0.53%,0.01%,84.42764250089378,42.27698264537095,0.0269697533858404,627709.6392415168,410.81,941.69,1736.7366666666667,Developing
59,MLI,Mali,Bamako,Africa,23293698,22593590,21224040,18112907,15529181,11239101,8945026,7372581,6153587,1240192,19,3.10%,0.29%,107.25588283262158,36.67198547045076,0.03219361464999704,29078139.611903295,4.961801882289194,9.06238792058004,18.782332090515016,Developing
173,MLT,Malta,Valletta,Europe,535064,533286,515357,456579,418755,399212,365392,333587,315414,316,1672,0.33%,0.01%,34.03003917717904,23.068858879296965,0.012815940559324668,584950.9195979332,998.1455696202531,1263.3291139240507,1693.240506329114,Developing
215,MHL,Marshall Islands,Majuro,Oceania,41996,41569,43413,49410,53416,54224,46047,31988,23969,181,233,1.03%,0.00%,-22.55089997049277,-18.72659877190355,-0.011049339116891765,38853.51388602847,132.4254143646409,299.58011049723757,232.02209944751382,Developing
180,MTQ,Martinique,Fort-de-France,North America,366981,367507,370391,383515,392181,432543,374271,333786,326428,1128,325,-0.14%,0.00%,-15.157336958406448,-5.556108021551274,-0.007121118072815902,349073.9936197518,289.38652482269504,383.4601063829787,325.33776595744683,Developing
126,MRT,Mauritania,Nouakchott,Africa,4862989,4736139,4498604,3946220,3419461,2695003,2006027,1506694,1122198,1030700,5,2.68%,0.06%,80.44465998739147,31.55886263946277,0.025995350744650203,5819973.89619441,1.0887726787620065,2.6147307654991754,4.718142039390705,Developing
157,MUS,Mauritius,Port Louis,Africa,1300557,1299469,1297828,1293153,1283330,1215930,1090290,954865,830115,2040,641,0.08%,0.02%,6.95985788655597,1.1297172200447274,0.0029296490649257656,1327463.7891515743,406.91911764705884,596.0441176470588,637.5279411764706,Developing
182,MYT,Mayotte,Mamoudzou,Africa,335995,326101,305587,249545,211786,159215,92659,52233,35383,374,898,3.03%,0.00%,111.03225198630781,44.29046301455243,0.03300428541658795,421742.79993926705,94.60695187165776,425.7085561497326,898.3823529411765,Developing
10,MEX,Mexico,Mexico City,North America,128455567,127504125,125998302,120149897,112532401,97873442,81720428,67705186,50289306,1964375,66,0.75%,1.60%,31.246602117048262,11.966243393313896,0.011892236389122957,139538091.08114898,25.600664842507157,49.82421482659879,65.39258899140948,Developing
194,FSM,Micronesia,Palikir,Oceania,115224,114164,112106,109462,107588,111709,98603,76299,58989,702,165,0.93%,0.00%,3.146568315892184,4.1993530877049485,0.0013478982125423311,116315.57764467341,84.02991452991454,159.12962962962962,164.13675213675214,Developing
135,MDA,Moldova,Chisinau,Europe,3435931,3272996,3084847,3277388,3678186,4251573,4480199,4103240,3711140,33846,104,4.98%,0.04%,-19.184475957486793,-16.13129406723858,-0.009218167583228354,3220258.0553110824,109.64781658098445,125.61522779648999,101.5166046209301,Developing
217,MCO,Monaco,Monaco,Europe,36297,36469,36922,36760,33178,32465,30329,27076,24270,2,18149,-0.47%,0.00%,11.803480671492377,11.284586171559468,0.004862763622030419,37550.697124289654,12135.0,16232.5,18148.5,Developing
134,MNG,Mongolia,Ulaanbaatar,Asia,3447157,3398366,3294335,2964749,2702520,2450979,2161433,1697780,1293880,1564110,2,1.44%,0.04%,40.644085485840556,21.898635347749508,0.014939287579182503,3824208.057046837,0.8272308213616689,1.5670119109269809,2.2039095715774466,Developing
169,MNE,Montenegro,Podgorica,Europe,626485,627082,629048,633966,631044,633324,621442,589324,530268,13812,47,-0.10%,0.01%,-1.0798580189602793,-0.3163012404840233,-0.00047194546930029446,624418.2607051517,38.39183318853171,45.85317115551694,45.35802200984651,Developing
230,MSR,Montserrat,Brades,North America,4386,4390,4500,5059,4938,5138,10805,11452,11402,102,43,-0.09%,0.00%,-14.636045153756324,-8.869987849331713,-0.00685665680301617,4179.768023473019,111.7843137254902,50.372549019607845,43.0,Developing
40,MAR,Morocco,Rabat,Africa,37840044,37457971,36688772,34680458,32464865,28554415,24570814,19678444,15274351,446550,85,1.02%,0.47%,32.51906579070172,13.010702493295446,0.01231681490600045,41225581.23908494,34.20524241406338,63.94449669689844,84.73864964729593,Developing
48,MOZ,Mozambique,Maputo,Africa,33897354,32969517,31178239,26843246,23073723,17768505,13303459,11413587,8411676,801590,43,2.81%,0.42%,90.77212179640324,35.1244400394336,0.0284810649358076,41261014.49720576,10.493738694344989,22.166575181826122,42.28764580396462,Developing
26,MMR,Myanmar,Nay Pyi Taw,Asia,54577997,54179306,53423198,51483949,49390988,45538332,40099553,33465781,27284112,676578,84,0.74%,0.68%,19.850672176574232,8.163857746680426,0.007903958892112595,57670225.61620932,40.32663196261185,67.3068471041033,80.66770867512689,Developing
145,NAM,Namibia,Windhoek,Africa,2604172,2567012,2489098,2282704,2099271,1819141,1369011,975994,754467,825615,3,1.45%,0.03%,43.15393913940701,18.56963679296289,0.01572012314113147,2904611.560938835,0.9138242401119165,2.2033768766313595,3.1542207929846238,Developing
225,NRU,Nauru,Yaren,Oceania,12780,12668,12315,11185,10241,10377,9598,7635,6663,21,639,0.88%,0.00%,23.156981786643538,20.251928522605215,0.009097201159483426,13616.386336396492,317.2857142857143,494.14285714285717,608.5714285714286,Developing
49,NPL,Nepal,Kathmandu,Asia,30896590,30547580,29348627,27610325,27161567,24559500,19616530,15600442,12501285,147181,216,1.14%,0.39%,25.803009018913254,8.052039118361618,0.010030277067410776,33132278.07735465,84.93817136722811,166.86596775399,209.9224084630489,Developing
71,NLD,Netherlands,Amsterdam,Europe,17618299,17564014,17434557,17041107,16617116,15899135,14944548,14130387,13037686,41850,523,0.31%,0.22%,10.81294045242084,4.919271190018773,0.00447403843539762,18177535.083088692,311.533715651135,379.90764635603347,420.9868339307049,Developing
185,NCL,New Caledonia,Nouma,Oceania,292991,289950,286403,283032,261426,221537,177264,148599,110982,18575,16,1.05%,0.00%,32.25375445185229,9.554137690971825,0.0122286121318258,319010.1812781183,5.974804845222073,11.926621803499327,15.773405114401077,Developing
123,NZL,New Zealand,Wellington,Oceania,5228100,5185288,5061133,4590590,4346338,3855266,3397389,3147168,2824061,270467,20,0.83%,0.07%,35.609319823846135,16.44591377844981,0.013331910357486043,5735957.424876548,10.441425386461194,14.254108634325075,19.329899765960356,Developing
106,NIC,Nicaragua,Managua,North America,7046310,6948392,6755895,6298598,5855734,5123222,4227820,3303309,2444767,130373,59,1.41%,0.09%,37.53669077779569,15.372300039585133,0.013953873689042773,7764064.542157339,18.752095909429098,39.29664884600339,54.0473104093639,Developing
54,NER,Niger,Niamey,Africa,27202843,26207977,24333639,20128124,16647543,11622665,8370647,6173177,4669708,1267000,21,3.80%,0.34%,134.0499618633076,46.16955186720347,0.037664345662217213,35238105.93892396,3.6856416732438833,9.17337411207577,21.47027861089187,Developing
6,NGA,Nigeria,Abuja,Africa,223804632,218541212,208327405,183995785,160952853,122851984,95214257,72951439,55569264,923768,246,2.41%,2.80%,82.17421055243193,29.433806929784588,0.026420972456158154,268625781.08094364,60.154999956699086,132.99008409037768,242.2736358046609,Developing
232,NIU,Niue,Alofi,Oceania,1935,1934,1942,1847,1812,2074,2533,3637,5185,260,7,0.05%,0.00%,-6.702025072324011,7.174392935982341,-0.0030116204379809774,1894.5743104885648,19.942307692307693,7.976923076923077,7.4423076923076925,Developing
56,PRK,North Korea,Pyongyang,Asia,26160821,26069416,25867467,25258015,24686435,23367059,20799523,17973650,14996879,120538,217,0.35%,0.33%,11.955984704793188,4.784133472492079,0.004922319106724249,27075645.08902788,124.41619240405515,193.85636894589257,217.03380676633094,Developing
150,MKD,North Macedonia,Skopje,Europe,2085679,2093599,2111072,2107962,2093828,2037936,2044174,1907023,1656783,25713,83,-0.38%,0.03%,2.342713412001162,0.8235633490429969,0.0010073300920108164,2100430.288941399,64.43367168358418,79.25702951814257,81.11379457861781,Developing
210,NFK,Northern Mariana Islands,Saipan,Oceania,49796,49551,49587,51514,54087,80338,48002,17613,10143,464,108,0.49%,0.00%,-38.016878687545116,-8.319929003272506,-0.02058125757438134,43050.017471825166,21.85991379310345,173.14224137931035,107.31896551724138,Developing
120,NOR,Norway,Oslo,Europe,5474360,5434319,5379839,5190356,4889741,4491202,4241636,4085776,3875546,323802,15,0.74%,0.07%,21.890754412738506,10.022984857480182,0.008643883683037812,5814312.489171062,11.968876041531553,13.870210807839358,16.906504592312587,Developing
127,OMN,Oman,Muscat,Asia,4644384,4576298,4543399,4191776,2881914,2344253,1804524,1017462,670693,309500,15,1.49%,0.06%,98.11786526454269,57.65213673968065,0.030171956961561497,5718685.123488154,2.1670210016155087,7.574323101777059,15.006087237479806,Developing
5,PAK,Pakistan,Islamabad,Asia,240485658,235824862,227196741,210969298,194454498,154369924,115414069,80624057,59290872,881912,312,1.98%,3.00%,55.78530569205955,16.8379972367623,0.0194612364239799,275222667.71818614,67.22991863133737,175.04005388292708,272.6866830250637,Developing
222,PLW,Palau,Ngerulmud,Oceania,18058,18055,17972,17794,18540,19726,15293,12252,11366,459,39,0.02%,0.00%,-8.455845077562607,-3.0636461704422873,-0.0038338823842976044,17578.91277706106,24.762527233115467,42.9760348583878,39.34204793028322,Developing
122,PSE,Palestine,Ramallah,Asia,5371230,5250072,5019401,4484614,3992278,3139954,2124609,1453620,1118241,6220,892,2.31%,0.07%,71.06078624081754,25.727742406716164,0.023615790284887028,6324593.048878247,179.78151125401928,504.81575562700965,863.5418006430868,Developing
128,PAN,Panama,Panama City,North America,4468087,4408581,4294396,3957099,3623617,3001731,2449968,1956987,1516188,75417,60,1.35%,0.06%,48.85034668329707,18.511310660039403,0.017444815342541498,5043100.956927618,20.104061418513066,39.801782091570864,59.24509062943368,Developing
93,PNG,Papua New Guinea,Port Moresby,Oceania,10329931,10142619,9749640,8682174,7583269,5508297,3864972,3104788,2489059,462840,23,1.85%,0.13%,87.53402367374163,28.56777202549455,0.027715831287684622,12508601.207926698,5.377795782559848,11.901082447498055,22.318578774522514,Developing
109,PRY,Paraguay,Asuncin,South America,6861524,6780744,6618695,6177950,5768613,5123819,4059195,3078912,2408787,406752,17,1.19%,0.09%,33.91425419203918,14.736332633165025,0.012777883757606467,7499288.29889396,5.922004071276847,12.596911631657619,16.869060262764535,Developing
44,PER,Peru,Lima,South America,34352719,34049588,33304756,30711863,29229572,26654439,22109099,17492406,13562371,1285216,27,0.89%,0.43%,28.881793385334426,13.941989981926522,0.0110926139102685,37110574.86816246,10.552600496725843,20.739267951846227,26.729140471329334,Developing
13,PHL,Philippines,Manila,Asia,117337368,115559009,112190977,103031365,94636700,77958223,61558898,48419546,37435586,342353,394,1.54%,1.47%,50.51313829972754,18.54912206363916,0.017936358183485934,132886458.78695123,109.3479128268191,227.7129833826489,342.7379576051619,Developing
37,POL,Poland,Warsaw,Europe,41026067,39857145,38428366,38553146,38597353,38504431,38064255,35521429,32482943,312679,134,2.93%,0.51%,6.548950171475069,-0.43782017901590303,0.0027618207144433082,41825815.40985557,103.88591174974974,123.14364252156365,131.20825830964023,Developing
92,PRT,Portugal,Lisbon,Europe,10247605,10270865,10298192,10365435,10588401,10300626,10007346,9785252,8683631,92090,112,-0.23%,0.13%,-0.5147357063541574,-2.740819883946594,-0.0002243509314071579,10231522.409585644,94.29504832229341,111.85390378977088,111.2781518080139,Developing
136,PRI,Puerto Rico,San Juan,North America,3260314,3252407,3271564,3497335,3717922,3827108,3543776,3214568,2737619,8870,368,0.24%,0.04%,-14.809981845299374,-12.005577309045213,-0.006944726064376017,3105084.2212713566,308.6379932356257,431.46651634723787,367.5664036076663,Developing
143,QAT,Qatar,Doha,Asia,2716391,2695122,2760385,2414573,1713504,645937,441675,277450,118007,11586,236,0.79%,0.03%,320.5349747730816,61.095918071974154,0.06444158096999408,4205765.965666562,10.185309856723633,55.75151044363887,234.4546003797687,Developing
114,COG,Republic of the Congo,Brazzaville,Africa,6106869,5970424,5702174,5064386,4437884,3134030,2385435,1829256,1396989,342000,18,2.29%,0.08%,94.8567499353867,28.488576988492714,0.02942882348972975,7481572.222688783,4.084763157894737,9.163830409356725,17.856342105263156,Developing
161,REU,Reunion,Saint-Denis,Africa,981796,974052,957822,922495,890130,785424,658992,551674,473925,2511,391,0.80%,0.01%,25.002037116258226,7.604731893094267,0.009749824940080032,1050794.435290412,188.73954599761052,312.7933094384707,390.9980087614496,Developing
64,ROU,Romania,Bucharest,Europe,19892812,19659267,19442038,19906079,20335211,21919876,22836234,22125224,19922618,238391,86,1.19%,0.25%,-9.247607057631166,-4.392248499413161,-0.004210040855207375,19313917.77464528,83.57118347588626,91.94925982943987,83.44615358801298,Developing
9,RUS,Russia,Moscow,Europe,144444359,144713314,145617329,144668389,143242599,146844839,148005704,138257420,130093010,17098242,9,-0.19%,1.80%,-1.6347050508189804,1.6578378335623467,-0.00071635797766334,143721596.67152026,7.608560575993719,8.588300422932369,8.447907042139185,Developing
76,RWA,Rwanda,Kigali,Africa,14094683,13776698,13146362,11642959,10309031,8109989,7319962,5247532,3896367,26338,571,2.31%,0.18%,73.79410748892508,27.522771053845897,0.024321542400255636,16676674.70952212,147.9370870984889,307.91969777507785,535.146290530792,Developing
228,BLM,Saint Barthelemy,Gustavia,North America,10994,10967,10681,9643,8988,7082,5168,2983,2417,21,440,0.25%,0.00%,55.23863315447613,18.836226079216733,0.019305434227519847,12568.576985752892,115.0952380952381,337.23809523809524,523.5238095238095,Developing
211,KNA,Saint Kitts and Nevis,Basseterre,North America,47755,47657,47642,47790,47403,45461,40636,43097,44968,261,184,0.21%,0.00%,5.046083456149226,0.5041874986815181,0.0021426817445344692,48475.887037052715,172.2911877394636,174.18007662835248,182.96934865900383,Developing
190,LCA,Saint Lucia,Castries,North America,180251,179857,179237,175623,170935,159500,142301,121633,103090,616,295,0.22%,0.00%,13.010031347962384,4.856816918711791,0.0053318335427881,187087.04905256856,167.3538961038961,258.92857142857144,292.6152597402597,Developing
220,MAF,Saint Martin,Marigot,North America,32077,31791,32552,35020,36458,29610,28127,7776,5802,53,642,0.90%,0.00%,8.331644714623437,-10.713697953809863,0.0034855002913043442,32867.862034855425,109.47169811320755,558.6792452830189,605.2264150943396,Developing
229,SPM,Saint Pierre and Miquelon,Saint-Pierre,North America,5840,5862,5906,5978,6052,6274,6324,6106,5537,242,24,-0.38%,0.00%,-6.9174370417596425,-2.4124256444150696,-0.0031118140184510645,5713.970473410406,22.880165289256198,25.925619834710744,24.132231404958677,Developing
199,VCT,Saint Vincent and the Grenadines,Kingstown,North America,103698,103948,104632,106482,109308,113813,112487,107480,98459,389,266,-0.24%,0.00%,-8.887385448059536,-4.277820470596846,-0.004038515436126655,100801.77683502746,253.10796915167094,292.5784061696658,266.5758354755784,Developing
188,WSM,Samoa,Apia,Oceania,225681,222382,214929,203571,194672,184008,168186,164905,142771,2842,81,1.48%,0.00%,22.647384896308857,10.4057080627928,0.008915300692998951,240147.4371023889,50.23610133708656,64.74595355383532,79.40921885995778,Developing
218,SMR,San Marino,San Marino,Europe,33642,33660,34007,33570,31608,26823,23132,21346,18169,61,561,-0.05%,0.00%,25.422212280505533,7.589850670716275,0.00989715861915852,36043.076911760814,297.8524590163934,439.72131147540983,551.5081967213115,Developing
187,STP,Sao Tome and Principe,So Tom,Africa,231856,227380,218641,201124,182138,143714,120343,97210,77583,964,242,1.97%,0.00%,61.331533462293166,20.041397182356235,0.021013001167152545,268186.70524619176,80.48029045643153,149.08091286307055,240.51452282157678,Developing
41,SAU,Saudi Arabia,Riyadh,Asia,36947025,36408820,35997107,32749848,29411929,21547390,16004763,10171710,6106191,2149690,17,1.48%,0.46%,71.4686790372291,22.389480132363982,0.023721791276104298,43536459.67200197,2.840498397443352,10.0234871074434,17.187140936600162,Developing
72,SEN,Senegal,Dakar,Africa,17763163,17316449,16436119,14356181,12530121,9704287,7536001,5703869,4367744,196722,92,2.58%,0.22%,83.04449363461735,31.17286736496798,0.02663367908503389,21351522.69696525,22.202620957493316,49.32995292849808,90.29576254816442,Developing
105,SRB,Serbia,Belgrade,Europe,7149077,7221365,7358005,7519496,7653748,7935022,7987529,7777010,7193533,88361,82,-1.00%,0.09%,-9.904761448676513,-3.8640284472391824,-0.004524640183198869,6925698.44878434,81.41072418827311,89.80231097429862,80.9076062968957,Developing
196,SYC,Seychelles,Victoria,Africa,107660,107118,105530,99240,92409,80060,71057,65290,54379,452,234,0.51%,0.00%,34.47414439170622,14.19883344695863,0.012961620290437681,117816.28150007481,120.3075221238938,177.12389380530973,238.18584070796462,Developing
102,SLE,Sierra Leone,Freetown,Africa,8791092,8605718,8233969,7314773,6436698,4584067,4325388,3367477,2778557,71740,122,2.15%,0.11%,91.77494569778321,27.922251440101743,0.028715535729871622,10717905.29975087,38.730931140228606,63.89834123222749,122.54100919988849,Developing
113,SGP,Singapore,Singapore,Asia,6014723,5975689,5909869,5650018,5163590,4053602,3022209,2400729,2061831,710,8377,0.65%,0.08%,48.37971266049306,14.452716036710894,0.017304736005014032,6782239.090265811,2903.987323943662,5709.298591549295,8471.440845070423,Developing
214,SXM,Sint Maarten,Philipsburg,North America,44222,44175,43621,40205,33034,30489,27845,12243,6260,34,1301,0.11%,0.00%,45.04247433500607,32.048798207907005,0.01629907531190322,49520.96434007412,184.11764705882354,896.7352941176471,1300.6470588235295,Developing
116,SVK,Slovakia,Bratislava,Europe,5795199,5643453,5456681,5424444,5396424,5376690,5261305,4973883,4522867,49037,118,2.69%,0.07%,7.783766592457441,1.1166098142028869,0.003264310772325363,5928924.184927321,92.23376226114975,109.64557375043334,118.18012929012787,Developing
148,SVN,Slovenia,Ljubljana,Europe,2119675,2119844,2117641,2080862,2057286,1984339,1986024,1901570,1741286,20273,105,-0.01%,0.03%,6.820205620108258,2.933719473131106,0.0028726797307829788,2162668.1312256167,85.89187589404627,97.88087604202634,104.55655305085581,Developing
166,SLB,Solomon Islands,Honiara,Oceania,740424,724273,691191,612660,540394,429978,324171,233668,172833,28896,26,2.23%,0.01%,72.20043816195248,27.90501004822407,0.023911353855364137,873608.7977905157,5.981208471760797,14.880191029900333,25.62375415282392,Developing
70,SOM,Somalia,Mogadishu,Africa,18143378,17597511,16537016,13763906,12026649,8721465,6999096,5892224,3720977,637657,29,3.10%,0.23%,108.03131125332727,37.50310664259013,0.03236122169357181,22674615.378843438,5.835389558963518,13.677361026382522,28.453193488035105,Developing
24,ZAF,South Africa,Pretoria,Africa,60414495,59893885,58801927,55876504,51784921,46813266,39877570,29463549,22368306,1221037,50,0.87%,0.75%,29.054219374482436,13.550288123448137,0.011151389436851344,65291166.879450895,18.319105809242473,38.33894140799992,49.47802155053451,Developing
29,KOR,South Korea,Seoul,Asia,51784059,51815810,51844690,50994401,48813042,46788591,44120039,38170501,32601143,100210,531,-0.06%,0.65%,10.676679705956522,6.210733598614895,0.004420304741134418,53407773.5682621,325.3282406945415,466.9054086418521,516.7554036523301,Developing
86,SSD,South Sudan,Juba,Africa,11088796,10913164,10606227,11194299,9714419,6114440,4750817,4192011,3342410,619745,18,1.61%,0.14%,81.35423685570551,9.180250512151062,0.026219670802479778,13291277.92098884,5.393202042775657,9.86605781410096,17.8925138565055,Developing
30,ESP,Spain,Madrid,Europe,47519628,47558630,47363807,46431342,46572772,40741651,38889889,37491666,33792617,505992,95,-0.08%,0.59%,16.636480932007395,1.6984924152678735,0.006713387104924307,49798233.69613769,66.7848839507344,80.5183698556499,93.91379310344827,Developing
61,LKA,Sri Lanka,Colombo,Asia,21893579,21832143,21715079,21336697,20668557,18776371,17204094,14943645,12388769,65610,354,0.28%,0.27%,16.601759733017634,5.063352995567131,0.006700355432558203,22941315.429358188,188.82440176802317,286.1815424477976,333.6927145252248,Developing
32,SDN,Sudan,Khartoum,Africa,48109006,46874204,44440486,38171178,33739933,26298773,21090886,16673586,11305206,1886068,26,2.63%,0.60%,82.93251171832237,31.714802160395518,0.026606363783512554,57816799.63877675,5.994060659530834,13.94370351440139,25.507567065450452,Developing
170,SUR,Suriname,Paramaribo,South America,623236,618040,607065,575475,546080,478998,412756,375112,379918,163820,4,0.84%,0.01%,30.112443058217366,11.167777615001464,0.011510473557449163,675219.8784131088,2.3191185447442315,2.9239287022341593,3.8043950677572944,Developing
87,SWE,Sweden,Stockholm,Europe,10612086,10549347,10368969,9849349,9381729,8871043,8548406,8311763,8027702,450295,26,0.59%,0.13%,19.6261364080864,10.52300700649102,0.007821786523475316,11206937.708838392,17.82765076227806,19.70051410741847,23.566963879234724,Developing
101,CHE,Switzerland,Bern,Europe,8796669,8740472,8638613,8281732,7822435,7182059,6711693,6319113,6181227,41284,223,0.64%,0.11%,22.481157562197694,10.43380993258493,0.008855809498768519,9356683.630106077,149.72451797306462,173.96713012305008,213.07695475244645,Developing
60,SYR,Syria,Damascus,Asia,23227014,22125249,20772595,19205178,22337563,16307654,12408996,8898954,6319199,185180,126,4.98%,0.29%,42.43013740664353,-7.005992551649435,0.01549629488030524,25866745.13518681,34.12463008964251,88.06379738632681,125.42938762285344,Developing
57,TWN,Taiwan,Taipei,Asia,23923276,23893394,23821464,23512136,23083083,22194731,20586174,18100281,14957870,36193,661,0.13%,0.30%,7.788087181592784,3.1987971450780646,0.0032660592851188053,24475608.18433388,413.2807448954218,613.2326969303457,660.9917939933136,Developing
95,TJK,Tajikistan,Dushanbe,Asia,10143543,9952787,9543207,8524063,7621779,6272998,5417860,4045965,2993019,143100,73,1.92%,0.13%,61.701677571075265,25.209704978325924,0.021114738166760683,11741172.986340923,20.915576519916144,43.83646401118099,70.88429769392033,Developing
22,TZA,Tanzania,Dodoma,Africa,67438106,65497748,61704518,52542823,45110527,34463704,26206012,19297659,13618192,945087,76,2.96%,0.84%,95.67863628355211,36.785185418028924,0.029617227541880675,82724846.23543037,14.409458600107715,36.46617083929839,71.35650580316944,Developing
20,THA,Thailand,Bangkok,Asia,71801279,71697030,71475664,70294397,68270489,63066603,55228410,45737753,35791728,513120,141,0.15%,0.90%,13.84992307259676,4.694817697878214,0.005655538201394972,74692488.31751364,69.75313376987839,122.90809752104771,139.93077447770503,Developing
155,TLS,Timor-Leste,Dili,Asia,1360596,1341296,1299995,1205813,1088486,878360,758106,642224,554021,14874,91,1.44%,0.02%,54.901862562047455,19.43148556802752,0.019209192845556,1554434.8161598532,37.247613284926715,59.053381739948904,91.47478822105688,Developing
100,TGO,Togo,Lom,Africa,9053799,8848699,8442580,7473229,6571855,5008035,3875947,2838110,2197383,56785,166,2.32%,0.11%,80.78545776936463,28.46570717095858,0.026079524809969445,10841715.303013125,38.6965395791142,88.19292066566875,159.43997534560182,Developing
233,TKL,Tokelau,Nukunonu,Oceania,1893,1871,1827,1454,1367,1666,1669,1647,1714,12,189,1.18%,0.00%,13.62545018007203,33.65032918800293,0.005569247811010536,1968.0426112645923,142.83333333333334,138.83333333333334,157.75,Developing
197,TON,Tonga,NukuÔalofa,Oceania,107773,106858,105254,106122,107383,102603,98727,96708,86484,747,150,0.86%,0.00%,5.038839020301551,-1.9826229477664061,0.002139676770289034,109397.59429287714,115.77510040160642,137.35341365461846,144.2744310575636,Developing
153,TTO,Trinidad and Tobago,Port-of-Spain,North America,1534937,1531044,1518147,1460177,1410296,1332203,1266518,1127852,988890,5130,299,0.25%,0.02%,15.217951017975489,7.647401680214649,0.006177934547891839,1602559.1869568594,192.76608187134502,259.688693957115,299.20799220272903,Developing
79,TUN,Tunisia,Tunis,Africa,12458223,12356117,12161723,11557779,10895063,9893316,8440023,6578156,5047404,163610,80,0.83%,0.16%,25.92565526058199,11.625999776228921,0.010073069537856583,13363667.006886391,30.850216979402237,60.468895544282134,76.14585294297414,Developing
18,TUR,Turkey,Ankara,Asia,85816199,85341241,84135428,79646178,73195345,64113547,54324142,44089069,35540990,783562,110,0.56%,1.07%,33.85033743336646,14.946419065310778,0.012756861784994245,93779008.1767568,45.358235851151534,81.8231958670788,109.52062376684934,Developing
111,TKM,Turkmenistan,Ashgabat,Asia,6516100,6430770,6250438,5766431,5267970,4569132,3720278,2862903,2201432,488100,14,1.33%,0.08%,42.611331867847106,18.649840450875764,0.015552429325473627,7259457.822294342,4.51020692481049,9.361057160417948,13.349928293382504,Developing
212,TCA,Turks and Caicos Islands,Cockburn Town,North America,46062,45703,44276,36538,29726,18744,11709,7598,5665,948,49,0.79%,0.00%,145.74263764404608,48.947049720783156,0.03986608426590754,60559.8355240149,5.975738396624473,19.772151898734176,48.58860759493671,Developing
227,TUV,Tuvalu,Funafuti,Oceania,11396,11312,11069,10877,10550,9638,9182,7731,5814,26,380,0.74%,0.00%,18.240298817181987,4.919431279620853,0.007311328561899533,11992.189096110314,223.6153846153846,370.6923076923077,438.3076923076923,Developing
31,UGA,Uganda,Kampala,Africa,48582334,47249585,44404611,37477356,32341728,24020697,17586630,13284026,10317212,241550,242,2.82%,0.61%,102.25197462005369,37.29820187715387,0.031097385568834346,60197183.928782254,42.712531566963364,99.44399503208446,201.1274435934589,Developing
38,UKR,Ukraine,Kiev,Europe,36744634,39701739,43909666,44982564,45683020,48879755,51589817,49973920,47279086,603500,63,-7.45%,0.46%,-24.826476728453322,-3.8818668292945606,-0.012330784266286865,33687947.32075229,78.34148467274234,80.99379453189727,60.88588898094449,Developing
97,ARE,United Arab Emirates,Abu Dhabi,Asia,9516871,9441129,9287289,8916899,8481771,3275333,1900151,1014048,298084,83600,134,0.80%,0.12%,190.56193675574363,9.497049613812965,0.04746812006281087,13166789.135299256,3.565598086124402,39.17862440191387,113.83816985645933,Developing
21,GBR,United Kingdom,London,Europe,67736802,67508936,67059474,65224364,62760039,58850043,57210442,56326328,55650166,242900,280,0.34%,0.85%,15.1006839536209,6.850593257279525,0.0061333879699208005,70699056.20202562,229.10731165088515,242.28095100864553,278.8670317002882,Developing
3,USA,United States,"Washington, D.C.",North America,339996563,338289857,335942003,324607776,311182845,282398554,248083732,223140018,200328340,9372610,37,0.50%,4.25%,20.395999973852557,7.956466237719499,0.008102918617552302,359756485.14578813,21.37380516206265,30.13019361735952,36.27554789967789,Developed
200,VIR,United States Virgin Islands,Charlotte Amalie,North America,98750,99465,100442,102803,106142,108185,100685,96640,63446,347,285,-0.72%,0.00%,-8.721172066367796,-5.370164496617739,-0.003959588806293657,96045.23348679401,182.84149855907782,311.7723342939481,284.5821325648415,Developing
133,URY,Uruguay,Montevideo,South America,3423108,3422794,3429086,3402818,3352651,3292224,3117012,2953750,2790265,181034,20,0.01%,0.04%,3.9755496588324486,2.279837656827388,0.0016964628493878475,3463965.699616689,15.412933482108333,18.185666780825702,18.908646994487224,Developing
43,UZB,Uzbekistan,Tashkent,Asia,35163944,34627652,33526656,30949417,28614227,24925554,20579100,15947129,12011361,447400,80,1.55%,0.44%,41.07587739072921,17.167785102145167,0.0150745659544671,39046598.10023283,26.84702950379973,55.712011622708985,78.59620920876173,Developing
181,VUT,Vanuatu,Port-Vila,Oceania,334506,326740,311685,276438,245453,192074,150882,118156,87019,12189,27,2.38%,0.00%,74.15475285567021,26.983577304005244,0.024413868211393686,396033.6207747691,7.139141849208302,15.757978505209616,27.44326852079744,Developing
234,VAT,Vatican City,Vatican City,Europe,518,510,520,564,596,651,700,733,752,1,1177,1.57%,0.00%,-20.43010752688172,-12.751677852348994,-0.00988707654133636,483.19548105175886,752.0,651.0,518.0,Developing
51,VEN,Venezuela,Caracas,South America,28838499,28301696,28490453,30529716,28715022,24427729,19750579,15210443,11355475,916445,33,1.90%,0.36%,18.056406307766064,-0.7820610410815635,0.007243164157529458,30332831.51593677,12.390787226729373,26.654877270321734,31.467790211087408,Developing
16,VNM,Vietnam,Hanoi,Asia,98858950,98186856,96648685,92191398,87411012,79001142,66912613,52968270,41928849,331212,315,0.68%,1.23%,25.136102462923894,10.568088377697766,0.009796886110960523,105841060.66153577,126.59217963117278,238.5213760371001,298.4763535137616,Developing
226,WLF,Wallis and Futuna,Mata-Utu,Oceania,11502,11572,11655,12182,13142,14723,13454,11315,9377,142,42,-0.60%,0.00%,-21.877334782313387,-11.314868360980064,-0.010676938742760322,10669.407236891573,66.03521126760563,103.6830985915493,81.0,Developing
172,ESH,Western Sahara,El Aain,Africa,587259,575986,556048,491824,413296,270375,178529,116775,76371,266000,2,1.96%,0.01%,117.2016643550624,34.53989392590299,0.03429928357128853,743623.7437974289,0.287109022556391,1.0164473684210527,2.2077406015037595,Developing
46,YEM,Yemen,Sanaa,Asia,34449825,33696614,32284046,28516545,24743946,18628700,13375121,9204938,6843607,527968,65,2.24%,0.43%,84.9287658290702,30.47250426427539,0.027090920476386948,41538350.8740512,12.962162479544215,35.283767198012,65.24983521728589,Developing
63,ZMB,Zambia,Lusaka,Africa,20569737,20017675,18927715,16248230,13792086,9891136,7686401,5720438,4281671,752612,28,2.76%,0.26%,107.96132011530324,37.23605696774223,0.03234611782886421,25704315.400879033,5.6890814921898665,13.14241069767689,27.331130781863695,Developing
74,ZWE,Zimbabwe,Harare,Africa,16665409,16320537,15669666,14154937,12839771,11834676,10113893,7049926,5202918,390757,43,2.11%,0.21%,40.81846431621787,22.04007376767078,0.014993967404755004,18495249.90346228,13.31497068510609,30.286536133709696,42.64903507806642,Developing
